ENSID	Gene	Nearest_gene	Fine_mapping	Expression	Protein	fastBAT	HMAGMA	PsyOPS	Chrom_b37	pos_start_b37	pos_end_b37	Chrom_b38	pos_start_b38	pos_end_b38
ENSG00000142599	RERE	TRUE	TRUE	FALSE	FALSE	TRUE	TRUE	TRUE	1	8412457	8877702	chr1	8352397	8848921
ENSG00000232912	RERE-AS1	FALSE	FALSE	TRUE	FALSE	TRUE	TRUE	FALSE	1	8484705	8494898	chr1	8424645	8435013
ENSG00000146463	ZMYM4	TRUE	TRUE	FALSE	FALSE	FALSE	FALSE	FALSE	1	35734568	35887659	chr1	35268709	35422058
ENSG00000223944	RP5-1180C18.1	FALSE	TRUE	FALSE	FALSE	TRUE	TRUE	FALSE	1	37728340	37790701	chr1	37154761	37325100
ENSG00000117016	RIMS3	FALSE	TRUE	FALSE	FALSE	TRUE	TRUE	FALSE	1	41086351	41131329	chr1	40620680	40665682
ENSG00000162374	ELAVL4	FALSE	FALSE	TRUE	FALSE	TRUE	TRUE	FALSE	1	50513686	50669458	chr1	50024029	50203772
ENSG00000078618	NRDC	TRUE	TRUE	TRUE	FALSE	TRUE	TRUE	FALSE	1	52254863	52344477	chr1	51789191	51878805
ENSG00000162599	NFIA	TRUE	TRUE	FALSE	FALSE	TRUE	TRUE	TRUE	1	61330931	61928465	chr1	60865259	61462788
ENSG00000184588	PDE4B	TRUE	TRUE	FALSE	FALSE	TRUE	TRUE	FALSE	1	66258197	66840259	chr1	65792514	66374579
ENSG00000227207	RPL31P12	FALSE	FALSE	TRUE	FALSE	TRUE	TRUE	FALSE	1	72767155	72767512	chr1	72301472	72301829
ENSG00000233008	LINC01725	TRUE	TRUE	FALSE	FALSE	TRUE	FALSE	FALSE	1	84041459	84326706	chr1	83575776	83861053
ENSG00000237505	PKN2-AS1	FALSE	TRUE	FALSE	FALSE	TRUE	FALSE	FALSE	1	89003196	89150887	chr1	87620803	88685204
ENSG00000234741	GAS5	FALSE	FALSE	TRUE	FALSE	TRUE	FALSE	FALSE	1	173833038	173838020	chr1	173858559	173868882
ENSG00000143207	COP1	FALSE	FALSE	TRUE	FALSE	TRUE	FALSE	TRUE	1	175913967	176176629	chr1	175944831	176207286
ENSG00000227579	RP1-35C21.2	TRUE	TRUE	FALSE	FALSE	TRUE	FALSE	FALSE	1	177362423	177566844	chr1	177392667	177920152
ENSG00000198216	CACNA1E	TRUE	TRUE	FALSE	FALSE	TRUE	TRUE	TRUE	1	181382238	181777219	chr1	181317690	181813262
ENSG00000134369	NAV1	TRUE	TRUE	FALSE	FALSE	FALSE	FALSE	TRUE	1	201592411	201796102	chr1	201539127	201826969
ENSG00000231871	IPO9-AS1	FALSE	TRUE	FALSE	FALSE	FALSE	FALSE	FALSE	1	201657387	201798687	chr1	201688259	201829559
ENSG00000230461	PROX1-AS1	TRUE	TRUE	FALSE	FALSE	TRUE	TRUE	FALSE	1	213991094	214160973	chr1	213817751	213988508
ENSG00000042781	USH2A	TRUE	TRUE	FALSE	FALSE	TRUE	FALSE	TRUE	1	215796236	216596738	chr1	215622891	216423448
ENSG00000196482	ESRRG	TRUE	TRUE	FALSE	FALSE	TRUE	FALSE	FALSE	1	216676588	217311097	chr1	216503246	217137755
ENSG00000143801	PSEN2	FALSE	FALSE	TRUE	FALSE	TRUE	TRUE	FALSE	1	227057885	227083806	chr1	226870184	226927726
ENSG00000054277	OPN3	TRUE	TRUE	TRUE	FALSE	TRUE	FALSE	FALSE	1	241753404	241840678	chr1	241590102	241677376
ENSG00000185420	SMYD3	TRUE	TRUE	FALSE	FALSE	TRUE	FALSE	FALSE	1	245912642	246670614	chr1	245749342	246507312
ENSG00000285622	NA	FALSE	TRUE	FALSE	FALSE	TRUE	FALSE	FALSE	NA	NA	NA	chr1	168695874	169103296
ENSG00000260077	RP11-254F7.2	FALSE	FALSE	TRUE	FALSE	FALSE	FALSE	FALSE	2	10179219	10180790	chr2	10039092	10040663
ENSG00000151779	NBAS	TRUE	TRUE	FALSE	FALSE	TRUE	FALSE	FALSE	2	15307032	15701454	chr2	15166916	15561340
ENSG00000233005	AC067959.1	FALSE	TRUE	FALSE	FALSE	TRUE	FALSE	FALSE	2	21444047	22193831	chr2	21221169	21970959
ENSG00000228999	AC068490.1	TRUE	TRUE	FALSE	FALSE	TRUE	TRUE	FALSE	2	22167481	22188423	chr2	21932662	22536322
ENSG00000171103	TRMT61B	FALSE	FALSE	FALSE	TRUE	FALSE	FALSE	FALSE	2	29072687	29093167	chr2	28849821	28870309
ENSG00000228262	LINC01320	FALSE	TRUE	FALSE	FALSE	TRUE	FALSE	FALSE	2	34902646	34963298	chr2	33706886	34738231
ENSG00000179915	NRXN1	TRUE	TRUE	FALSE	FALSE	TRUE	TRUE	TRUE	2	50145643	51259674	chr2	49918503	51225575
ENSG00000271615	ACTG1P22	TRUE	TRUE	FALSE	FALSE	TRUE	TRUE	FALSE	2	57982563	57993187	chr2	57755428	57767215
ENSG00000115392	FANCL	FALSE	FALSE	TRUE	FALSE	TRUE	FALSE	FALSE	2	58386378	58468507	chr2	58159243	58241410
ENSG00000155052	CNTNAP5	TRUE	TRUE	FALSE	FALSE	TRUE	FALSE	TRUE	2	124782864	125672864	chr2	124025287	124921219
ENSG00000144229	THSD7B	TRUE	TRUE	FALSE	FALSE	TRUE	FALSE	TRUE	2	137523115	138435287	chr2	136765545	137677718
ENSG00000168702	LRP1B	TRUE	TRUE	FALSE	FALSE	TRUE	FALSE	TRUE	2	140988992	142889270	chr2	140231423	142131016
ENSG00000075884	ARHGAP15	TRUE	TRUE	FALSE	FALSE	TRUE	TRUE	FALSE	2	143848931	144525921	chr2	143091362	143768352
ENSG00000228655	AC096558.1	FALSE	TRUE	FALSE	FALSE	TRUE	TRUE	FALSE	2	144052990	144238358	chr2	143295421	143598002
ENSG00000226674	TEX41	TRUE	TRUE	FALSE	FALSE	TRUE	FALSE	FALSE	2	145425534	145940216	chr2	144666312	145262988
ENSG00000144278	GALNT13	TRUE	TRUE	FALSE	FALSE	FALSE	TRUE	TRUE	2	154728426	155310361	chr2	153871922	154453979
ENSG00000136560	TANK	TRUE	FALSE	TRUE	FALSE	TRUE	FALSE	FALSE	2	161993419	162092732	chr2	161136908	161236230
ENSG00000237844	AC092684.1	TRUE	TRUE	FALSE	FALSE	TRUE	FALSE	FALSE	2	164606083	165208733	chr2	163743913	164352223
ENSG00000115840	SLC25A12	FALSE	FALSE	FALSE	TRUE	TRUE	TRUE	FALSE	2	172640880	172864766	chr2	171783405	171999859
ENSG00000091428	RAPGEF4	TRUE	TRUE	TRUE	FALSE	TRUE	TRUE	TRUE	2	173600002	173917621	chr2	172735274	173052893
ENSG00000138433	CIR1	TRUE	TRUE	TRUE	FALSE	TRUE	TRUE	FALSE	2	175212750	175260443	chr2	174348022	174395712
ENSG00000170396	ZNF804A	TRUE	FALSE	TRUE	FALSE	TRUE	TRUE	TRUE	2	185463093	185804219	chr2	184598529	184939492
ENSG00000178568	ERBB4	TRUE	TRUE	FALSE	FALSE	TRUE	TRUE	TRUE	2	212240446	213403565	chr2	211375717	212538841
ENSG00000197585	AC107218.3	FALSE	TRUE	FALSE	FALSE	TRUE	FALSE	FALSE	2	215114764	215548970	chr2	214241676	214684246
ENSG00000144460	NYAP2	TRUE	TRUE	FALSE	FALSE	TRUE	FALSE	TRUE	2	226265364	226518734	chr2	225399710	225729887
ENSG00000273301	RP11-314B1.2	FALSE	FALSE	TRUE	FALSE	FALSE	FALSE	FALSE	2	226563230	226568370	chrNA	NA	NA
ENSG00000204120	GIGYF2	TRUE	TRUE	FALSE	FALSE	TRUE	TRUE	TRUE	2	233562009	233725285	chr2	232697299	232860605
ENSG00000130294	KIF1A	TRUE	TRUE	FALSE	FALSE	TRUE	TRUE	TRUE	2	241653181	241759725	chr2	240713761	240824293
ENSG00000144619	CNTN4	TRUE	TRUE	FALSE	FALSE	TRUE	FALSE	TRUE	3	2140497	3099645	chr3	2098813	3057959
ENSG00000227110	LMCD1-AS1	FALSE	TRUE	FALSE	FALSE	FALSE	FALSE	FALSE	3	7994492	8653610	chr3	7951263	8611924
ENSG00000154822	PLCL2	TRUE	TRUE	FALSE	FALSE	TRUE	FALSE	TRUE	3	16844159	17132086	chr3	16802651	17090604
ENSG00000228956	SATB1-AS1	TRUE	TRUE	FALSE	FALSE	TRUE	TRUE	FALSE	3	18486516	18959184	chr3	18445024	18923280
ENSG00000160746	ANO10	TRUE	TRUE	FALSE	FALSE	TRUE	TRUE	FALSE	3	43396351	43733086	chr3	43354859	43691594
ENSG00000185219	ZNF445	FALSE	FALSE	TRUE	FALSE	TRUE	TRUE	TRUE	3	44481262	44519162	chr3	44431705	44477670
ENSG00000233276	GPX1	FALSE	FALSE	TRUE	FALSE	TRUE	TRUE	FALSE	3	49394609	49396033	chr3	49357174	49358605
ENSG00000157445	CACNA2D3	TRUE	TRUE	FALSE	FALSE	FALSE	FALSE	TRUE	3	54156574	55108584	chr3	54122547	55074557
ENSG00000144724	PTPRG	TRUE	TRUE	FALSE	FALSE	TRUE	TRUE	FALSE	3	61547243	62283288	chr3	61561569	62297609
ENSG00000151276	MAGI1	FALSE	TRUE	FALSE	FALSE	TRUE	FALSE	FALSE	3	65339200	66024509	chr3	65353525	66038918
ENSG00000240405	SAMMSON	FALSE	TRUE	FALSE	FALSE	TRUE	FALSE	FALSE	3	70048728	70064469	chr3	69999550	70518064
ENSG00000114861	FOXP1	TRUE	TRUE	FALSE	FALSE	TRUE	TRUE	TRUE	3	71003844	71633140	chr3	70954693	71583978
ENSG00000185008	ROBO2	TRUE	TRUE	FALSE	FALSE	TRUE	TRUE	TRUE	3	75955846	77699115	chr3	75906695	77649964
ENSG00000181722	ZBTB20	TRUE	TRUE	FALSE	FALSE	TRUE	FALSE	TRUE	3	114056941	114866118	chr3	114314500	115147292
ENSG00000185565	LSAMP	TRUE	TRUE	FALSE	FALSE	TRUE	TRUE	TRUE	3	115521235	117716095	chr3	115802363	117139389
ENSG00000174891	RSRC1	TRUE	TRUE	FALSE	FALSE	TRUE	TRUE	FALSE	3	157823644	158263519	chr3	158105855	158545730
ENSG00000197584	KCNMB2	TRUE	TRUE	FALSE	FALSE	TRUE	FALSE	FALSE	3	177990720	178562217	chr3	178272932	178844429
ENSG00000236297	EEF1A1P23	FALSE	FALSE	TRUE	FALSE	TRUE	FALSE	FALSE	3	193296601	193310879	chr3	193578812	193593090
ENSG00000198836	OPA1	TRUE	TRUE	FALSE	FALSE	TRUE	FALSE	FALSE	3	193310933	193415612	chr3	193593144	193697811
ENSG00000285708	NA	FALSE	TRUE	FALSE	FALSE	TRUE	FALSE	FALSE	NA	NA	NA	chr3	70959226	71754229
ENSG00000275163	NA	FALSE	TRUE	FALSE	FALSE	TRUE	FALSE	FALSE	NA	NA	NA	chr3	178419123	178843300
ENSG00000197386	HTT	TRUE	TRUE	FALSE	FALSE	TRUE	TRUE	TRUE	4	3076408	3245676	chr4	3041363	3243957
ENSG00000169744	LDB2	TRUE	TRUE	FALSE	FALSE	TRUE	TRUE	FALSE	4	16503164	16900432	chr4	16501541	16898678
ENSG00000185774	KCNIP4	TRUE	TRUE	FALSE	FALSE	FALSE	FALSE	TRUE	4	20730239	21950422	chr4	20728606	21948772
ENSG00000163288	GABRB1	TRUE	TRUE	FALSE	FALSE	TRUE	FALSE	TRUE	4	46995740	47428461	chr4	46993723	47426447
ENSG00000170448	NFXL1	FALSE	FALSE	FALSE	TRUE	FALSE	FALSE	FALSE	4	47849257	47916653	chr4	47847233	47914667
ENSG00000249307	LINC01088	FALSE	TRUE	FALSE	FALSE	TRUE	TRUE	FALSE	4	79892902	80229952	chr4	78939485	79309673
ENSG00000156269	NAA11	TRUE	TRUE	FALSE	FALSE	TRUE	TRUE	FALSE	4	80146848	80247204	chr4	79225694	79326061
ENSG00000248510	LINC02267	TRUE	TRUE	FALSE	FALSE	TRUE	FALSE	FALSE	4	97231852	97740015	chr4	96310701	96818864
ENSG00000164035	EMCN	TRUE	TRUE	FALSE	FALSE	TRUE	TRUE	FALSE	4	101316498	101801283	chr4	100395341	100880126
ENSG00000164100	NDST3	TRUE	FALSE	TRUE	FALSE	TRUE	TRUE	TRUE	4	118954773	119179803	chr4	118033618	118258634
ENSG00000138688	BLTP1	FALSE	FALSE	TRUE	FALSE	TRUE	FALSE	FALSE	4	123073488	123283913	chr4	122152331	122364167
ENSG00000196782	MAML3	TRUE	TRUE	FALSE	FALSE	TRUE	TRUE	TRUE	4	140637907	141075338	chr4	139716753	140154184
ENSG00000145416	MARCHF1	TRUE	TRUE	FALSE	FALSE	TRUE	FALSE	TRUE	4	164445450	165305202	chr4	163524298	164384050
ENSG00000150625	GPM6A	TRUE	TRUE	FALSE	FALSE	TRUE	FALSE	TRUE	4	176554085	176923815	chr4	175632934	176002664
ENSG00000218336	TENM3	TRUE	TRUE	FALSE	FALSE	TRUE	FALSE	TRUE	4	183065140	183724177	chr4	182143987	182803024
ENSG00000287383	NA	FALSE	TRUE	FALSE	FALSE	TRUE	FALSE	FALSE	NA	NA	NA	chr4	66169778	66329377
ENSG00000248118	LINC01019	TRUE	TRUE	FALSE	FALSE	TRUE	FALSE	FALSE	5	3417266	3536208	chr5	3357264	3536094
ENSG00000145526	CDH18	FALSE	TRUE	FALSE	FALSE	TRUE	FALSE	FALSE	5	19473060	20575982	chr5	19471296	20575873
ENSG00000113100	CDH9	TRUE	TRUE	FALSE	FALSE	TRUE	TRUE	TRUE	5	26880709	27121257	chr5	26880597	27121150
ENSG00000185305	ARL15	TRUE	TRUE	FALSE	FALSE	FALSE	FALSE	FALSE	5	53179775	53606412	chr5	53883942	54310582
ENSG00000085365	SCAMP1	TRUE	FALSE	TRUE	FALSE	FALSE	FALSE	FALSE	5	77656339	77776562	chr5	78360611	78480739
ENSG00000245864	MEF2C-AS2	FALSE	TRUE	FALSE	FALSE	TRUE	FALSE	FALSE	5	87972036	88018648	chr5	88676014	88779088
ENSG00000250377	CTC-467M3.3	FALSE	FALSE	TRUE	FALSE	TRUE	FALSE	FALSE	5	87988462	87989789	chr5	88691757	88695041
ENSG00000081189	MEF2C	TRUE	TRUE	FALSE	FALSE	TRUE	FALSE	TRUE	5	88013975	88199922	chr5	88717117	88904257
ENSG00000113391	FAM172A	TRUE	TRUE	FALSE	FALSE	TRUE	FALSE	FALSE	5	92953775	93447404	chr5	93617725	94111699
ENSG00000251574	RP11-6N13.1	TRUE	TRUE	FALSE	FALSE	TRUE	TRUE	FALSE	5	103718999	104728671	chr5	104383298	105392970
ENSG00000249797	LINC02147	TRUE	TRUE	FALSE	FALSE	FALSE	FALSE	FALSE	5	117260703	117601730	chr5	117730515	118266267
ENSG00000250891	LINC02208	FALSE	TRUE	FALSE	FALSE	TRUE	FALSE	FALSE	5	117803851	117897812	chr5	118000253	118562199
ENSG00000260192	LINC02240	TRUE	TRUE	FALSE	FALSE	TRUE	FALSE	FALSE	5	124828954	124937920	chr5	124808981	125602227
ENSG00000248752	RP11-114J13.1	FALSE	TRUE	FALSE	FALSE	TRUE	FALSE	FALSE	5	125412493	125615493	chr5	125333369	126368755
ENSG00000145882	PCYOX1L	FALSE	TRUE	FALSE	FALSE	TRUE	FALSE	FALSE	5	148737570	148749216	chr5	149358037	149369653
ENSG00000249484	LINC01470	TRUE	TRUE	FALSE	FALSE	TRUE	FALSE	FALSE	5	151998525	152603103	chr5	152618965	153223543
ENSG00000170624	SGCD	FALSE	FALSE	TRUE	FALSE	TRUE	FALSE	FALSE	5	155297354	156194799	chr5	155870344	156767788
ENSG00000241956	LINC03000	TRUE	TRUE	FALSE	FALSE	TRUE	TRUE	FALSE	5	163723702	164598649	chr5	164296696	165171643
ENSG00000145934	TENM2	TRUE	TRUE	FALSE	FALSE	TRUE	TRUE	TRUE	5	166711804	167691162	chr5	166979029	168264157
ENSG00000181163	NPM1	TRUE	FALSE	TRUE	FALSE	TRUE	FALSE	FALSE	5	170814120	170838141	chr5	171387116	171411810
ENSG00000137265	IRF4	FALSE	TRUE	FALSE	FALSE	FALSE	FALSE	FALSE	6	391739	411447	chr6	391739	411443
ENSG00000145982	FARS2	TRUE	TRUE	FALSE	FALSE	TRUE	FALSE	FALSE	6	5261277	5771813	chr6	5261044	5829192
ENSG00000228412	LNC-LBCS	FALSE	TRUE	FALSE	FALSE	TRUE	FALSE	FALSE	6	19802395	19804983	chr6	19323428	19839080
ENSG00000204092	LINC00951	FALSE	FALSE	TRUE	FALSE	FALSE	FALSE	FALSE	6	40312083	40313890	chrNA	NA	NA
ENSG00000188107	EYS	TRUE	TRUE	FALSE	FALSE	TRUE	TRUE	FALSE	6	64429876	66417118	chr6	63719980	65707226
ENSG00000187772	LIN28B	FALSE	FALSE	TRUE	FALSE	TRUE	FALSE	FALSE	6	105404923	105531207	chr6	104936616	105083332
ENSG00000047932	GOPC	TRUE	FALSE	TRUE	FALSE	TRUE	FALSE	FALSE	6	117639374	117923691	chr6	117560269	117602542
ENSG00000188580	NKAIN2	TRUE	TRUE	FALSE	FALSE	FALSE	FALSE	TRUE	6	124125286	125146803	chr6	123803865	124825640
ENSG00000164483	SAMD3	TRUE	TRUE	FALSE	FALSE	TRUE	FALSE	FALSE	6	130465460	130686570	chr6	130144315	130365425
ENSG00000203727	SAMD5	TRUE	TRUE	FALSE	FALSE	TRUE	TRUE	FALSE	6	147830063	148058683	chr6	147508690	147737547
ENSG00000120265	PCMT1	FALSE	FALSE	FALSE	TRUE	FALSE	FALSE	FALSE	6	150070579	150132556	chr6	149749444	149811420
ENSG00000091831	ESR1	TRUE	TRUE	FALSE	FALSE	TRUE	TRUE	TRUE	6	151977826	152450754	chr6	151656691	152129619
ENSG00000049618	ARID1B	TRUE	TRUE	FALSE	FALSE	FALSE	FALSE	TRUE	6	157099063	157531913	chr6	156776020	157210779
ENSG00000185345	PRKN	TRUE	TRUE	FALSE	FALSE	TRUE	FALSE	TRUE	6	161768452	163148803	chr6	161347417	162727775
ENSG00000112530	PACRG	FALSE	TRUE	FALSE	FALSE	TRUE	FALSE	FALSE	6	163148164	163736524	chr6	162727132	163315500
ENSG00000285424	NA	FALSE	TRUE	FALSE	FALSE	FALSE	FALSE	FALSE	NA	NA	NA	chr6	4304942	4583871
ENSG00000002822	MAD1L1	TRUE	TRUE	FALSE	FALSE	TRUE	TRUE	FALSE	7	1855429	2272878	chr7	1815793	2233243
ENSG00000176349	AC110781.3	FALSE	FALSE	TRUE	FALSE	TRUE	TRUE	FALSE	7	1878222	1889567	chr7	1838586	1849931
ENSG00000174945	AMZ1	TRUE	FALSE	TRUE	FALSE	TRUE	FALSE	FALSE	7	2719156	2815134	chr7	2679522	2775500
ENSG00000146555	SDK1	TRUE	FALSE	TRUE	FALSE	TRUE	TRUE	FALSE	7	3341080	4308632	chr7	3301252	4269000
ENSG00000136240	KDELR2	FALSE	FALSE	TRUE	FALSE	FALSE	FALSE	FALSE	7	6485584	6523873	chr7	6445953	6484190
ENSG00000122584	NXPH1	TRUE	TRUE	FALSE	FALSE	TRUE	FALSE	TRUE	7	8473585	8792593	chr7	8433609	8752961
ENSG00000106460	TMEM106B	TRUE	TRUE	TRUE	FALSE	TRUE	TRUE	FALSE	7	12250867	12282993	chr7	12211270	12243367
ENSG00000006468	ETV1	TRUE	TRUE	FALSE	FALSE	TRUE	FALSE	TRUE	7	13930853	14031050	chr7	13891229	13991425
ENSG00000136267	DGKB	FALSE	TRUE	FALSE	FALSE	TRUE	FALSE	FALSE	7	14184674	15014402	chr7	14145049	14974777
ENSG00000106537	TSPAN13	FALSE	TRUE	FALSE	FALSE	FALSE	FALSE	FALSE	7	16793160	16824161	chr7	16753755	16784536
ENSG00000105866	SP4	TRUE	TRUE	TRUE	FALSE	TRUE	TRUE	TRUE	7	21467652	21554440	chr7	21428043	21514822
ENSG00000105877	DNAH11	TRUE	TRUE	FALSE	FALSE	TRUE	FALSE	FALSE	7	21582833	21941457	chr7	21543039	21901839
ENSG00000105778	AVL9	TRUE	FALSE	TRUE	FALSE	TRUE	FALSE	FALSE	7	32535038	33078516	chr7	32495426	32588726
ENSG00000179869	ABCA13	TRUE	TRUE	FALSE	FALSE	TRUE	FALSE	TRUE	7	48211055	48687092	chr7	48171458	48647497
ENSG00000158321	AUTS2	TRUE	TRUE	FALSE	FALSE	TRUE	FALSE	TRUE	7	69063905	70258054	chr7	69598296	70793506
ENSG00000183166	CALN1	TRUE	TRUE	FALSE	FALSE	TRUE	FALSE	TRUE	7	71244476	71912136	chr7	71779491	72447151
ENSG00000006704	GTF2IRD1	TRUE	TRUE	FALSE	FALSE	TRUE	TRUE	FALSE	7	73868120	74016931	chr7	74453790	74602605
ENSG00000187391	MAGI2	TRUE	TRUE	FALSE	FALSE	TRUE	FALSE	TRUE	7	77646393	79082890	chr7	78017055	79453667
ENSG00000186472	PCLO	TRUE	TRUE	FALSE	FALSE	TRUE	TRUE	TRUE	7	82383329	82792246	chr7	82754012	83162930
ENSG00000237513	RP11-325F22.2	TRUE	TRUE	TRUE	FALSE	TRUE	TRUE	FALSE	7	104581510	104602781	chrNA	NA	NA
ENSG00000177683	THAP5	FALSE	FALSE	TRUE	FALSE	TRUE	TRUE	FALSE	7	108194987	108210194	chr7	108554543	108569750
ENSG00000128590	DNAJB9	TRUE	TRUE	FALSE	FALSE	TRUE	TRUE	FALSE	7	108210012	108215294	chr7	108569867	108574850
ENSG00000128512	DOCK4	TRUE	FALSE	TRUE	FALSE	TRUE	FALSE	TRUE	7	111366166	111846466	chr7	111726110	112206407
ENSG00000128573	FOXP2	TRUE	TRUE	FALSE	FALSE	TRUE	FALSE	TRUE	7	113726382	114333827	chr7	114086327	114693772
ENSG00000077063	CTTNBP2	FALSE	FALSE	TRUE	FALSE	TRUE	TRUE	TRUE	7	117350705	117514193	chr7	117710651	117874139
ENSG00000081803	CADPS2	TRUE	TRUE	FALSE	FALSE	FALSE	FALSE	TRUE	7	121958481	122526813	chr7	122318411	122886759
ENSG00000179603	GRM8	TRUE	TRUE	FALSE	FALSE	TRUE	FALSE	TRUE	7	126078652	126893348	chr7	126438598	127253093
ENSG00000106554	CHCHD3	TRUE	TRUE	FALSE	FALSE	TRUE	FALSE	FALSE	7	132469629	132766848	chr7	132784870	133082090
ENSG00000155530	LRGUK	FALSE	FALSE	TRUE	FALSE	FALSE	FALSE	TRUE	7	133812052	133949343	chr7	134127299	134264595
ENSG00000080802	CNOT4	TRUE	TRUE	FALSE	FALSE	TRUE	TRUE	TRUE	7	135046547	135194875	chr7	135361795	135510145
ENSG00000133606	MKRN1	FALSE	TRUE	FALSE	FALSE	FALSE	FALSE	FALSE	7	140152840	140179369	chr7	140453033	140479536
ENSG00000155093	PTPRN2	TRUE	TRUE	FALSE	FALSE	FALSE	FALSE	FALSE	7	157331750	158380480	chr7	157539056	158587823
ENSG00000286192	NA	FALSE	TRUE	FALSE	FALSE	TRUE	FALSE	FALSE	NA	NA	NA	chr7	1815804	2242215
ENSG00000183117	CSMD1	TRUE	TRUE	FALSE	FALSE	FALSE	TRUE	TRUE	8	2792875	4852494	chr8	2935353	4994972
ENSG00000185053	SGCZ	TRUE	TRUE	FALSE	FALSE	TRUE	FALSE	TRUE	8	13947373	15095848	chr8	14084845	15238431
ENSG00000120910	PPP3CC	TRUE	FALSE	FALSE	TRUE	FALSE	FALSE	FALSE	8	22298332	22398652	chr8	22440819	22541142
ENSG00000253554	LINC01414	TRUE	TRUE	FALSE	FALSE	TRUE	TRUE	FALSE	8	64599737	65281115	chr8	63687179	64369176
ENSG00000172817	CYP7B1	TRUE	TRUE	TRUE	FALSE	TRUE	FALSE	FALSE	8	65500320	65711318	chr8	64587763	64798737
ENSG00000091656	ZFHX4	TRUE	TRUE	FALSE	FALSE	TRUE	TRUE	TRUE	8	77593454	77779521	chr8	76681239	76867281
ENSG00000253901	RP11-122C21.1	TRUE	TRUE	FALSE	FALSE	TRUE	TRUE	FALSE	8	92555152	92919847	chr8	91542924	91907619
ENSG00000229140	CCDC26	FALSE	TRUE	FALSE	FALSE	FALSE	FALSE	FALSE	8	130363937	130692485	chr8	128634199	129683770
ENSG00000227835	CARM1P1	TRUE	TRUE	FALSE	FALSE	TRUE	FALSE	FALSE	9	2907073	3053408	chr9	2907073	3053408
ENSG00000153707	PTPRD	TRUE	TRUE	FALSE	FALSE	TRUE	FALSE	TRUE	9	8314246	10612723	chr9	8314246	10613002
ENSG00000270547	LINC01235	FALSE	FALSE	TRUE	FALSE	FALSE	TRUE	FALSE	9	13406379	13433052	chr9	13406380	13488125
ENSG00000226197	RP11-536O18.1	FALSE	TRUE	FALSE	FALSE	TRUE	TRUE	FALSE	9	13446490	13487510	chr9	13386130	13836571
ENSG00000237153	RP11-132E11.2	TRUE	TRUE	FALSE	FALSE	TRUE	FALSE	FALSE	9	17048917	17112813	chr9	16917511	17114122
ENSG00000107105	ELAVL2	TRUE	TRUE	FALSE	FALSE	TRUE	TRUE	TRUE	9	23690102	23826335	chr9	23690104	23826337
ENSG00000174482	LINGO2	FALSE	TRUE	FALSE	FALSE	TRUE	FALSE	FALSE	9	27948076	28670283	chr9	27937617	29213601
ENSG00000196092	PAX5	TRUE	TRUE	FALSE	FALSE	TRUE	TRUE	TRUE	9	36833272	37034103	chr9	36833269	37034268
ENSG00000123975	CKS2	TRUE	FALSE	TRUE	FALSE	FALSE	FALSE	FALSE	9	91926113	91931618	chr9	89311195	89316703
ENSG00000237385	RP11-165J3.5	FALSE	FALSE	TRUE	FALSE	TRUE	TRUE	FALSE	9	96192624	96193581	chr9	93430342	93431299
ENSG00000185920	PTCH1	TRUE	TRUE	TRUE	FALSE	TRUE	TRUE	TRUE	9	98205262	98279339	chr9	95442980	95517057
ENSG00000234323	LINC01505	FALSE	TRUE	FALSE	FALSE	FALSE	FALSE	FALSE	9	109040673	109367076	chr9	105993310	106740875
ENSG00000148219	ASTN2	TRUE	TRUE	FALSE	FALSE	TRUE	TRUE	TRUE	9	119187504	120177348	chr9	116423112	117415070
ENSG00000011454	RABGAP1	FALSE	FALSE	TRUE	FALSE	TRUE	TRUE	FALSE	9	125703112	125867145	chr9	122940833	123104866
ENSG00000107130	NCS1	TRUE	TRUE	FALSE	FALSE	TRUE	FALSE	FALSE	9	132934857	132999583	chr9	130172404	130237303
ENSG00000169925	BRD3	TRUE	FALSE	TRUE	FALSE	TRUE	TRUE	FALSE	9	136895427	136933657	chr9	134030305	134068535
ENSG00000187609	EXD3	TRUE	TRUE	FALSE	FALSE	TRUE	TRUE	FALSE	9	140201348	140317714	chr9	137306896	137423211
ENSG00000285082	NA	FALSE	TRUE	FALSE	FALSE	TRUE	FALSE	FALSE	NA	NA	NA	chr9	117704157	118083691
ENSG00000134452	FBH1	TRUE	TRUE	FALSE	FALSE	TRUE	FALSE	FALSE	10	5931535	5979556	chr10	5890203	5937594
ENSG00000198879	SFMBT2	TRUE	TRUE	FALSE	FALSE	FALSE	FALSE	TRUE	10	7200586	7453450	chr10	7158624	7411488
ENSG00000183049	CAMK1D	TRUE	TRUE	FALSE	FALSE	TRUE	FALSE	TRUE	10	12391481	12877545	chr10	12349547	12835545
ENSG00000165995	CACNB2	TRUE	TRUE	FALSE	FALSE	FALSE	FALSE	TRUE	10	18429606	18830798	chr10	18140424	18543557
ENSG00000183230	CTNNA3	FALSE	TRUE	FALSE	FALSE	TRUE	FALSE	FALSE	10	67672276	69455927	chr10	65912457	67763637
ENSG00000196968	FUT11	FALSE	FALSE	TRUE	FALSE	FALSE	FALSE	FALSE	10	75532049	75540009	chr10	73772276	73780251
ENSG00000148655	LRMDA	TRUE	TRUE	FALSE	FALSE	TRUE	FALSE	FALSE	10	77360998	78319925	chr10	75431624	76560168
ENSG00000108175	ZMIZ1	FALSE	TRUE	FALSE	FALSE	TRUE	TRUE	FALSE	10	80828792	81076276	chr10	79068966	79316519
ENSG00000107882	SUFU	FALSE	FALSE	TRUE	FALSE	TRUE	TRUE	FALSE	10	104263744	104393292	chr10	102503972	102633535
ENSG00000148842	CNNM2	FALSE	FALSE	FALSE	TRUE	FALSE	FALSE	FALSE	10	104678050	104849978	chr10	102918294	103090222
ENSG00000156395	SORCS3	TRUE	TRUE	TRUE	FALSE	TRUE	TRUE	TRUE	10	106400859	107024993	chr10	104641290	105265242
ENSG00000182272	B4GALNT4	TRUE	TRUE	FALSE	FALSE	FALSE	TRUE	FALSE	11	369796	382116	chr11	369499	382117
ENSG00000254695	RP11-396O20.1	TRUE	TRUE	FALSE	FALSE	TRUE	FALSE	FALSE	11	15665431	15726914	chr11	15605484	15705376
ENSG00000110693	SOX6	TRUE	TRUE	FALSE	FALSE	TRUE	TRUE	TRUE	11	15987995	16761138	chr11	15966449	16739591
ENSG00000187398	LUZP2	TRUE	TRUE	FALSE	FALSE	FALSE	FALSE	TRUE	11	24518516	25104150	chr11	24496970	25082638
ENSG00000254530	LINC02755	FALSE	TRUE	FALSE	FALSE	TRUE	FALSE	FALSE	11	29357425	29615842	chr11	29335878	29989328
ENSG00000156599	ZDHHC5	TRUE	FALSE	TRUE	FALSE	TRUE	TRUE	FALSE	11	57435219	57468659	chr11	57667747	57701182
ENSG00000149485	FADS1	FALSE	FALSE	TRUE	FALSE	TRUE	TRUE	FALSE	11	61567099	61596790	chr11	61799627	61829318
ENSG00000162105	SHANK2	TRUE	TRUE	FALSE	FALSE	TRUE	TRUE	FALSE	11	70313961	70963623	chr11	70467854	71252577
ENSG00000150672	DLG2	TRUE	TRUE	FALSE	FALSE	TRUE	TRUE	TRUE	11	83166055	85338966	chr11	83455012	85628335
ENSG00000168959	GRM5	TRUE	TRUE	FALSE	FALSE	TRUE	TRUE	TRUE	11	88237744	88799113	chr11	88504576	89065982
ENSG00000149972	CNTN5	TRUE	TRUE	FALSE	FALSE	TRUE	FALSE	TRUE	11	98891683	100229616	chr11	99020949	100358885
ENSG00000149571	KIRREL3	TRUE	TRUE	FALSE	FALSE	TRUE	FALSE	TRUE	11	126293254	126873355	chr11	126423358	127003460
ENSG00000255087	RP11-168K9.2	FALSE	TRUE	FALSE	FALSE	FALSE	FALSE	FALSE	11	126936897	126971215	chr11	127021736	127172363
ENSG00000231698	AP002856.5	TRUE	TRUE	FALSE	FALSE	TRUE	FALSE	FALSE	11	131123317	131220812	chr11	131253360	131350917
ENSG00000182667	NTM	TRUE	TRUE	FALSE	FALSE	TRUE	TRUE	TRUE	11	131240373	132206716	chr11	131370478	132336822
ENSG00000183715	OPCML	FALSE	TRUE	FALSE	FALSE	TRUE	TRUE	FALSE	11	132284871	133402414	chr11	132414977	133532501
ENSG00000255545	B3GAT1-DT	TRUE	TRUE	FALSE	FALSE	FALSE	FALSE	FALSE	11	134306367	134375555	chr11	134412284	134505665
ENSG00000281880	PAUPAR	FALSE	TRUE	FALSE	FALSE	TRUE	TRUE	FALSE	NA	NA	NA	chr11	31812307	32002405
ENSG00000285283	NA	FALSE	TRUE	FALSE	FALSE	TRUE	FALSE	FALSE	NA	NA	NA	chr11	31812391	32104665
ENSG00000151067	CACNA1C	TRUE	TRUE	FALSE	FALSE	TRUE	TRUE	TRUE	12	2079952	2802108	chr12	1970772	2697950
ENSG00000139083	ETV6	TRUE	TRUE	FALSE	FALSE	FALSE	FALSE	FALSE	12	11802788	12048336	chr12	11649674	11895377
ENSG00000008394	MGST1	TRUE	TRUE	FALSE	FALSE	FALSE	FALSE	FALSE	12	16500076	16762193	chr12	16347142	16609259
ENSG00000048540	LMO3	FALSE	TRUE	FALSE	FALSE	FALSE	FALSE	TRUE	12	16701307	16763528	chr12	16548372	16610594
ENSG00000111728	ST8SIA1	TRUE	TRUE	FALSE	FALSE	TRUE	FALSE	TRUE	12	22216707	22589975	chr12	22063773	22437041
ENSG00000134532	SOX5	FALSE	TRUE	FALSE	FALSE	TRUE	TRUE	TRUE	12	23682440	24103966	chr12	23529504	24562544
ENSG00000139117	CPNE8	TRUE	TRUE	FALSE	FALSE	TRUE	TRUE	FALSE	12	39040624	39301232	chr12	38646822	38907430
ENSG00000188906	LRRK2	FALSE	FALSE	TRUE	FALSE	TRUE	FALSE	TRUE	12	40590546	40763087	chr12	40196744	40369285
ENSG00000258137	GPR84-AS1	FALSE	TRUE	FALSE	FALSE	TRUE	FALSE	FALSE	12	54747445	54891472	chr12	54353661	54497688
ENSG00000258086	GPR84-AS1	TRUE	TRUE	FALSE	FALSE	TRUE	TRUE	FALSE	12	54747576	54860769	chr12	54353792	54466985
ENSG00000258921	RP11-644F5.16	TRUE	TRUE	FALSE	FALSE	FALSE	FALSE	FALSE	12	56032696	56053579	chr12	55638912	55659795
ENSG00000123297	TSFM	FALSE	FALSE	FALSE	TRUE	TRUE	TRUE	FALSE	12	58176372	58201854	chr12	57782761	57808071
ENSG00000067798	NAV3	FALSE	TRUE	FALSE	FALSE	TRUE	FALSE	TRUE	12	78224685	78606790	chr12	77324641	78213010
ENSG00000257703	RP11-328J6.1	TRUE	TRUE	FALSE	FALSE	TRUE	FALSE	FALSE	12	103474728	103572453	chr12	103079634	103178675
ENSG00000151148	UBE3B	FALSE	FALSE	TRUE	FALSE	TRUE	FALSE	FALSE	12	109915207	109974507	chr12	109477402	109536705
ENSG00000111275	ALDH2	FALSE	FALSE	TRUE	FALSE	TRUE	FALSE	FALSE	12	112204691	112247782	chr12	111766887	111817532
ENSG00000089250	NOS1	TRUE	TRUE	FALSE	FALSE	FALSE	TRUE	TRUE	12	117645947	117889975	chr12	117208142	117452170
ENSG00000157837	SPPL3	TRUE	FALSE	TRUE	FALSE	TRUE	TRUE	TRUE	12	121200313	121342174	chr12	120762510	120904358
ENSG00000051825	MPHOSPH9	FALSE	FALSE	TRUE	FALSE	TRUE	TRUE	FALSE	12	123636867	123728561	chr12	123152320	123244014
ENSG00000132932	ATP8A2	FALSE	TRUE	FALSE	FALSE	FALSE	FALSE	FALSE	13	25946209	26599989	chr13	25371974	26025851
ENSG00000120697	ALG5	FALSE	FALSE	TRUE	FALSE	FALSE	FALSE	FALSE	13	37523912	37574398	chr13	36949738	37000763
ENSG00000102780	DGKH	TRUE	TRUE	FALSE	FALSE	FALSE	FALSE	TRUE	13	42614176	42830714	chr13	42040036	42256578
ENSG00000184226	PCDH9	TRUE	TRUE	FALSE	FALSE	TRUE	TRUE	TRUE	13	66876967	67804468	chr13	66302834	67230445
ENSG00000234377	OBI1-AS1	TRUE	TRUE	FALSE	FALSE	TRUE	FALSE	FALSE	13	78493824	79191463	chr13	77919689	78617328
ENSG00000102471	NDFIP2	FALSE	FALSE	TRUE	FALSE	TRUE	TRUE	FALSE	13	80055287	80130210	chr13	79481155	79556077
ENSG00000179399	GPC5	FALSE	TRUE	FALSE	FALSE	TRUE	FALSE	FALSE	13	92050929	93519490	chr13	91398621	92873682
ENSG00000183098	GPC6	TRUE	TRUE	FALSE	FALSE	TRUE	FALSE	TRUE	13	93879095	95059655	chr13	93226807	94408020
ENSG00000102572	STK24	TRUE	FALSE	TRUE	FALSE	TRUE	TRUE	FALSE	13	99102455	99230194	chr13	98445185	98577940
ENSG00000287722	NA	FALSE	TRUE	FALSE	FALSE	TRUE	FALSE	FALSE	NA	NA	NA	chr13	53207831	53801489
ENSG00000151322	NPAS3	TRUE	TRUE	FALSE	FALSE	TRUE	FALSE	TRUE	14	33404139	34273382	chr14	32934396	33820863
ENSG00000258636	LRFN5-DT	TRUE	FALSE	TRUE	FALSE	TRUE	TRUE	FALSE	14	42057064	42074059	chr14	41583657	41604988
ENSG00000258394	CTD-2307P3.1	TRUE	TRUE	FALSE	FALSE	FALSE	FALSE	FALSE	14	42832186	43172858	chr14	42362983	42703655
ENSG00000139990	DCAF5	FALSE	FALSE	TRUE	FALSE	TRUE	FALSE	TRUE	14	69517598	69619867	chr14	69050881	69153150
ENSG00000119689	DLST	TRUE	FALSE	TRUE	FALSE	TRUE	TRUE	FALSE	14	75348594	75370448	chr14	74881891	74903743
ENSG00000259097	RP11-61O1.1	TRUE	TRUE	FALSE	FALSE	TRUE	FALSE	FALSE	14	98534577	98671480	chr14	98068161	98205143
ENSG00000126214	KLC1	TRUE	TRUE	FALSE	FALSE	TRUE	TRUE	FALSE	14	104028233	104167888	chr14	103561896	103714249
ENSG00000256500	RP11-73M18.2	FALSE	TRUE	FALSE	FALSE	TRUE	TRUE	FALSE	14	104029299	104152261	chr14	103562962	103685924
ENSG00000269940	RP11-73M18.7	FALSE	FALSE	TRUE	FALSE	TRUE	TRUE	FALSE	14	104160897	104161507	chr14	103694560	103695170
ENSG00000137872	SEMA6D	TRUE	TRUE	FALSE	FALSE	TRUE	FALSE	FALSE	15	47476298	48066420	chr15	47184101	47774228
ENSG00000259221	CTD-2050N2.1	FALSE	TRUE	FALSE	FALSE	TRUE	FALSE	FALSE	15	47651627	47688929	chr15	47359430	47396732
ENSG00000157890	MEGF11	TRUE	TRUE	FALSE	FALSE	TRUE	TRUE	FALSE	15	66187417	66546085	chr15	65895079	66253756
ENSG00000261801	LOXL1-AS1	FALSE	FALSE	TRUE	FALSE	TRUE	TRUE	FALSE	15	74200424	74220589	chr15	73908071	73928248
ENSG00000169783	LINGO1	TRUE	TRUE	FALSE	FALSE	TRUE	TRUE	TRUE	15	77905369	78113242	chr15	77613027	77820900
ENSG00000140538	NTRK3	TRUE	TRUE	TRUE	FALSE	FALSE	TRUE	TRUE	15	88418230	88799999	chr15	87859751	88256791
ENSG00000140564	FURIN	TRUE	TRUE	TRUE	FALSE	TRUE	TRUE	TRUE	15	91411822	91426688	chr15	90868588	90883564
ENSG00000214432	VPS33B-DT	FALSE	TRUE	FALSE	FALSE	FALSE	FALSE	FALSE	15	91565849	91579841	chr15	91022619	91036611
ENSG00000273540	AGBL1	FALSE	TRUE	FALSE	FALSE	FALSE	FALSE	FALSE	NA	NA	NA	chr15	86079871	87049169
ENSG00000078328	RBFOX1	TRUE	TRUE	FALSE	FALSE	FALSE	FALSE	TRUE	16	6069095	7763340	chr16	5239802	7713340
ENSG00000048471	SNX29	TRUE	TRUE	FALSE	FALSE	TRUE	FALSE	FALSE	16	12070594	12668146	chr16	11976734	12574287
ENSG00000237515	SHISA9	TRUE	TRUE	FALSE	FALSE	TRUE	FALSE	TRUE	16	12995477	13334272	chr16	12901598	13240416
ENSG00000261130	RP11-1021N1.1	FALSE	TRUE	FALSE	FALSE	FALSE	FALSE	FALSE	16	15489611	15609205	chr16	15395754	15515348
ENSG00000166780	BMERB1	TRUE	TRUE	FALSE	FALSE	FALSE	FALSE	FALSE	16	15528152	15718885	chr16	15434475	15625028
ENSG00000197006	METTL9	TRUE	TRUE	FALSE	FALSE	TRUE	FALSE	FALSE	16	21608539	21668794	chr16	21597218	21657471
ENSG00000261596	CTB-31N19.3	FALSE	FALSE	TRUE	FALSE	TRUE	FALSE	FALSE	16	21638063	21638723	chr16	21626742	21627569
ENSG00000102935	ZNF423	TRUE	TRUE	FALSE	FALSE	TRUE	TRUE	TRUE	16	49521435	49891830	chr16	49487524	49857919
ENSG00000140718	FTO	TRUE	TRUE	FALSE	FALSE	TRUE	FALSE	FALSE	16	53737875	54155853	chr16	53701692	54158512
ENSG00000087258	GNAO1	TRUE	TRUE	FALSE	FALSE	TRUE	TRUE	TRUE	16	56225302	56391356	chr16	56191390	56357444
ENSG00000118557	PMFBP1	TRUE	FALSE	TRUE	FALSE	FALSE	TRUE	FALSE	16	72146056	72210777	chr16	72112157	72176878
ENSG00000140836	ZFHX3	TRUE	TRUE	FALSE	FALSE	FALSE	TRUE	TRUE	16	72816784	73093597	chr16	72782885	73891871
ENSG00000140945	CDH13	TRUE	TRUE	FALSE	TRUE	TRUE	FALSE	TRUE	16	82660408	83830204	chr16	82626965	83800640
ENSG00000103257	SLC7A5	TRUE	TRUE	FALSE	FALSE	FALSE	FALSE	FALSE	16	87863629	87903094	chr16	87830023	87869507
ENSG00000285367	NA	FALSE	TRUE	FALSE	FALSE	TRUE	FALSE	FALSE	NA	NA	NA	chr16	51150770	51442519
ENSG00000280344	NA	FALSE	TRUE	FALSE	FALSE	TRUE	TRUE	FALSE	NA	NA	NA	chr16	51176066	51178898
ENSG00000127804	METTL16	TRUE	TRUE	FALSE	FALSE	FALSE	FALSE	FALSE	17	2308856	2415185	chr17	2405562	2511891
ENSG00000188803	SHISA6	TRUE	TRUE	FALSE	FALSE	TRUE	FALSE	TRUE	17	11144580	11467380	chr17	11241213	11564063
ENSG00000132589	FLOT2	FALSE	FALSE	FALSE	TRUE	FALSE	FALSE	FALSE	17	27206353	27224697	chr17	28879335	28897733
ENSG00000108684	ASIC2	TRUE	TRUE	FALSE	FALSE	FALSE	FALSE	TRUE	17	31340105	32501983	chr17	33013087	34174964
ENSG00000126351	THRA	FALSE	FALSE	TRUE	FALSE	FALSE	FALSE	FALSE	17	38214543	38250120	chr17	40058290	40093867
ENSG00000233101	HOXB-AS3	FALSE	TRUE	FALSE	FALSE	FALSE	FALSE	FALSE	17	46626992	46683776	chr17	48549630	48606414
ENSG00000171634	BPTF	TRUE	TRUE	FALSE	FALSE	FALSE	TRUE	TRUE	17	65821640	65980494	chr17	67825503	67984378
ENSG00000166960	CCDC178	TRUE	TRUE	FALSE	FALSE	TRUE	FALSE	FALSE	18	30517366	31021065	chr18	32937402	33441101
ENSG00000152217	SETBP1	FALSE	TRUE	FALSE	FALSE	TRUE	FALSE	FALSE	18	42260138	42648475	chr18	44680173	45068510
ENSG00000187323	DCC	TRUE	TRUE	TRUE	FALSE	TRUE	TRUE	TRUE	18	49866542	51057784	chr18	52340197	53535903
ENSG00000041353	RAB27B	TRUE	FALSE	TRUE	FALSE	TRUE	TRUE	FALSE	18	52385091	52562747	chr18	54717860	54895516
ENSG00000196628	TCF4	TRUE	TRUE	FALSE	FALSE	TRUE	TRUE	TRUE	18	52889562	53332018	chr18	55222185	55664787
ENSG00000141664	ZCCHC2	TRUE	TRUE	FALSE	FALSE	TRUE	FALSE	FALSE	18	60190240	60254942	chr18	62523025	62587709
ENSG00000267780	RP11-154H12.3	TRUE	TRUE	FALSE	FALSE	TRUE	FALSE	FALSE	18	77552726	77576365	chr18	79792726	79816529
ENSG00000267662	TSHZ3-AS1	TRUE	TRUE	FALSE	FALSE	TRUE	FALSE	FALSE	19	31839787	31908700	chr19	31348881	31417794
ENSG00000174306	ZHX3	TRUE	TRUE	FALSE	FALSE	TRUE	TRUE	FALSE	20	39807088	39946312	chr20	41178448	41317731
ENSG00000101017	CD40	FALSE	FALSE	TRUE	FALSE	TRUE	TRUE	FALSE	20	44746911	44758502	chr20	46118271	46129863
ENSG00000149654	CDH22	TRUE	TRUE	FALSE	FALSE	TRUE	TRUE	FALSE	20	44802372	44937137	chr20	46173739	46308498
ENSG00000101040	ZMYND8	TRUE	TRUE	FALSE	FALSE	TRUE	FALSE	TRUE	20	45837859	45985567	chr20	47209214	47356889
ENSG00000124207	CSE1L	FALSE	FALSE	TRUE	FALSE	TRUE	TRUE	FALSE	20	47662849	47713489	chr20	49046246	49096960
ENSG00000234948	LINC01524	TRUE	TRUE	FALSE	FALSE	TRUE	TRUE	FALSE	20	50827184	51266970	chr20	52192159	52670578
ENSG00000228340	MIR646HG	TRUE	TRUE	FALSE	FALSE	TRUE	TRUE	FALSE	20	58662895	59102516	chr20	60087661	60653784
ENSG00000101204	CHRNA4	TRUE	TRUE	TRUE	FALSE	TRUE	FALSE	FALSE	20	61975420	62009753	chr20	63343223	63378401
ENSG00000196132	MYT1	TRUE	TRUE	FALSE	FALSE	TRUE	TRUE	FALSE	20	62783144	62873604	chr20	64102394	64242253
ENSG00000159231	CBR3	FALSE	FALSE	FALSE	TRUE	FALSE	FALSE	FALSE	21	37507210	37518864	chr21	36135079	36146562
ENSG00000100218	RSPH14	TRUE	TRUE	FALSE	FALSE	TRUE	FALSE	FALSE	22	23401593	23487208	chr22	23059415	23145021
ENSG00000184792	OSBP2	TRUE	TRUE	FALSE	FALSE	TRUE	TRUE	FALSE	22	31089769	31303811	chr22	30693782	30907824
ENSG00000197182	MIRLET7BHG	TRUE	TRUE	FALSE	FALSE	TRUE	TRUE	FALSE	22	46449749	46509808	chr22	46053869	46113928
ENSG00000185386	MAPK11	FALSE	FALSE	TRUE	FALSE	FALSE	FALSE	FALSE	22	50702142	50709196	chr22	50263713	50270767
ENSG00000287225	NA	FALSE	TRUE	FALSE	FALSE	TRUE	FALSE	FALSE	NA	NA	NA	chr22	48474135	48489324
